{
  "US100": {
    "daily_midnight": 0.133873,
    "previous_hourly": 0.082184,
    "2h_open": 0.05199,
    "4h_open": 0.064987,
    "ny_open": 0.077884,
    "ny_preopen": 0.039092,
    "prev_day_high": 0.025995,
    "prev_day_low": 0.025995,
    "weekly_open": 0.064987,
    "weekly_high": 0.025995,
    "weekly_low": 0.025995,
    "prev_week_high": 0.05199,
    "prev_week_low": 0.05199,
    "monthly_open": 0.039092,
    "asian_range_high": 0.027894,
    "asian_range_low": 0.027894,
    "london_range_high": 0.05199,
    "london_range_low": 0.05199,
    "ny_range_high": 0.039092,
    "ny_range_low": 0.039092
  },
  "US500": {
    "daily_midnight": 0.1339,
    "previous_hourly": 0.0822,
    "2h_open": 0.052,
    "4h_open": 0.065,
    "chicago_open": 0.0779,
    "chicago_preopen": 0.0391,
    "prev_day_high": 0.026,
    "prev_day_low": 0.026,
    "weekly_open": 0.065,
    "weekly_high": 0.026,
    "weekly_low": 0.026,
    "prev_week_high": 0.052,
    "prev_week_low": 0.052,
    "monthly_open": 0.0391,
    "asian_range_high": 0.0279,
    "asian_range_low": 0.0279,
    "london_range_high": 0.052,
    "london_range_low": 0.052,
    "chicago_range_high": 0.0391,
    "chicago_range_low": 0.0391
  },
  "UK100": {
    "daily_midnight": 0.066667,
    "previous_hourly": 0.066667,
    "2h_open": 0.066667,
    "4h_open": 0.066667,
    "london_open": 0.066667,
    "prev_day_high": 0.066667,
    "prev_day_low": 0.066667,
    "weekly_open": 0.066667,
    "weekly_high": 0.066667,
    "weekly_low": 0.066667,
    "prev_week_high": 0.066667,
    "prev_week_low": 0.066667,
    "monthly_open": 0.066667,
    "london_range_high": 0.066667,
    "london_range_low": 0.066662
  }
}